{"MildDemented": {"precision": 0.0, "recall": 0.0, "f1-score": 0.0, "support": 179}, "ModerateDemented": {"precision": 0.0, "recall": 0.0, "f1-score": 0.0, "support": 12}, "NonDemented": {"precision": 0.6223404255319149, "recall": 0.73125, "f1-score": 0.6724137931034483, "support": 640}, "VeryMildDemented": {"precision": 0.42829076620825146, "recall": 0.48660714285714285, "f1-score": 0.45559038662486934, "support": 448}, "accuracy": 0.5363565285379203, "macro avg": {"precision": 0.2626577979350416, "recall": 0.3044642857142857, "f1-score": 0.2820010449320794, "support": 1279}, "weighted avg": {"precision": 0.4614324750599861, "recall": 0.5363565285379203, "f1-score": 0.496051071770249, "support": 1279}}