{"MildDemented": {"precision": 0.2, "recall": 0.00558659217877095, "f1-score": 0.010869565217391306, "support": 179}, "ModerateDemented": {"precision": 0.0, "recall": 0.0, "f1-score": 0.0, "support": 12}, "NonDemented": {"precision": 0.5236842105263158, "recall": 0.9328125, "f1-score": 0.6707865168539326, "support": 640}, "VeryMildDemented": {"precision": 0.417910447761194, "recall": 0.125, "f1-score": 0.19243986254295534, "support": 448}, "accuracy": 0.5113369820172009, "macro avg": {"precision": 0.28539866457187746, "recall": 0.26584977304469276, "f1-score": 0.21852398615356983, "support": 1279}, "weighted avg": {"precision": 0.43642046546822283, "recall": 0.5113369820172009, "f1-score": 0.40458333180584355, "support": 1279}}